video_id,channel_name,title,published_at,view_count,like_count,comment_count,duration,duration_seconds,category_id
z7YmcoIaCqM,Patec,ZOSTAŁEM KASKADEREM,2026-06-06T13:00:19Z,6984,652,28,PT31M34S,1894,24
LiwqJfa3A_c,Patec,TEN SPORT SERIO ISTNIEJE!,2026-05-30T13:00:21Z,309141,9162,152,PT42M44S,2564,24
m4fUKmRWf7I,Patec,schabowy za 112 zł? :O,2026-05-23T13:00:56Z,368564,10643,234,PT33M30S,2010,24
E61NTrWcTwU,Patec,TA WYSPA JEST ODCIĘTA OD ŚWIATA,2026-05-20T14:02:49Z,564721,15200,189,PT32M11S,1931,24
X6uZIkS0U40,Patec,CIEMNA STRONA PODRÓŻOWANIA (zostałem oszukany),2026-05-14T13:00:51Z,749780,17941,466,PT29M20S,1760,24
gD92RYJ3YoU,Patec,MROCZNE OBLICZE KARAIBÓW (kraj przemytników),2026-05-11T13:19:31Z,568987,14748,165,PT36M29S,2189,24
B9UK8B18qQ4,Patec,Odwiedziłem KRAJ NAJWIĘKSZYCH HURAGANÓW,2026-05-08T13:00:28Z,570363,15871,206,PT39M44S,2384,24
9p01nveTPkM,Patec,Jak Smakuje MCDONALD'S Na Karaibach?,2026-05-05T13:00:04Z,804012,19358,252,PT37M39S,2259,24
rBc7UZI2Xdo,Patec,30 DNI ŻYCIA NA JACHCIE W RAJU,2026-05-02T13:01:34Z,722444,23417,259,PT25M49S,1549,24
aYsH7XZNvVY,Patec,CHCĘ TO ZROBIĆ JAKO PIERWSZY CZŁOWIEK NA ŚWIECIE,2026-04-25T13:00:03Z,1102773,41938,622,PT35M10S,2110,24
UTg9PPkpk44,Patec,NIE WSZYSTKO POSZŁO ZGODNIE Z PLANEM...,2026-04-11T13:00:51Z,270106,11256,242,PT24M,1440,24
BEQw0u1K0wA,Patec,Zjechałem z NAJWYŻSZEGO WODOSPADU ŚWIATA,2026-04-04T13:00:30Z,1128373,32978,452,PT57M52S,3472,24
HFtxsbzdemc,Patec,WENEZUELA: Jak bardzo jest NIEBEZPIECZNA?,2026-03-28T14:21:39Z,1554152,34244,554,PT1H9M25S,4165,24
sfOUOBV_gLo,Patec,SPĘDZILIŚMY NOC W DECATHLONIE,2026-03-18T14:06:33Z,571661,24122,409,PT44M33S,2673,24
5VVenmZBhZo,Patec,POLICJA NAM DOKUCZA,2026-03-14T14:00:13Z,846205,26046,458,PT30M59S,1859,24
kZjUQuRvnBI,Patec,O TYM KRAJU NIE UCZĄ W SZKOŁACH...,2026-03-11T14:06:13Z,992938,25271,476,PT26M1S,1561,24
dthv6aaDyEA,Patec,TO MÓJ NOWY DOM!,2026-03-07T14:01:04Z,1105323,33448,724,PT46M20S,2780,24
HRw7-NPgIEc,Patec,OCEAN NIE WYBACZA BŁĘDÓW.,2026-02-28T14:00:08Z,809629,23963,316,PT34M52S,2092,24
oua3ca-RBdE,Patec,WYPŁYWAM NA OCEAN... (WYSPY KANARYJSKIE),2026-02-21T14:01:05Z,1158550,33639,519,PT37M39S,2259,24
Kb0E3WZWeMg,Patec,FOKA: 160 KM WPŁAW PRZEZ BAŁTYK,2026-02-14T14:00:35Z,1518252,77679,2372,PT1H8M25S,4105,24
cQavSAjbikk,Patec,Test CHIŃSKIEGO MCDONALD'S,2026-02-04T15:03:59Z,1107353,29713,500,PT32M57S,1977,24
1UdacJCySFQ,Patec,MIASTO 8D W CHINACH,2026-02-01T14:15:01Z,963308,24343,336,PT24M44S,1484,24
wQd1SBmo1ww,Patec,CHIŃSKI TINDER W REALNYM ŻYCIU,2026-01-28T14:09:32Z,920304,22120,295,PT27M2S,1622,24
_srLUrQpdPo,Patec,Mroczna Strona Pand w Chinach,2026-01-24T14:00:22Z,827600,24620,496,PT30M31S,1831,24
iy51HLNyc4U,Patec,NAJOSTRZEJSZA KUCHNIA ŚWIATA (CHINY),2026-01-21T14:04:12Z,961296,24731,317,PT29M35S,1775,24
gaPOvu0Leu8,Patec,NAJBARDZIEJ KONTROLOWANY KRAJ NA ŚWIECIE?,2026-01-17T14:01:13Z,1972175,51733,695,PT27M36S,1656,24
NkOCwPg2d64,Patec,KONIEC PROJEKTU 27,2025-12-27T14:00:41Z,395976,17323,385,PT29M45S,1785,24
7db9wdB62kA,Patec,PRZESŁUCHALI GO NA GRANICY Z ROSJĄ...,2025-12-24T14:06:07Z,655284,20652,243,PT21M9S,1269,24
XwfeCJq5Fek,Patec,to marzenie kosztowało 2 MILIONY...,2025-12-20T14:09:14Z,621754,21600,398,PT38M58S,2338,24
baXU6DWwRo0,Patec,OSTATNI SZCZYT…,2025-12-13T14:00:15Z,998679,52321,1369,PT33M24S,2004,24
lED_CwjgEt8,Patec,TA GÓRA STOI NA GRANICY Z ROSJĄ (Korona Ziemi),2025-12-06T14:01:21Z,1581362,60678,754,PT1H11M55S,4315,24
MUq5TBAVCmE,Patec,tego nie było w naszym bingo - owg #7,2025-11-28T15:00:44Z,1339545,69247,1243,PT55M8S,3308,24
P3JDLgruLeM,Patec,72h nauki przetrwania - owg #5,2025-11-22T15:00:56Z,1634036,64017,671,PT50M59S,3059,24
Uyp22-pNePI,Patec,test mcdonalds w indiach - owg #3,2025-11-16T15:00:51Z,1718483,76871,896,PT33M28S,2008,24
ybrywRcJvC8,Patec,nasz nowy projekt - owg #1,2025-11-10T15:01:56Z,2223697,123821,1799,PT36M10S,2170,24
HFy9IZinzTU,Patec,PRZEPŁYNĘ OCEAN!,2025-11-01T14:00:45Z,754079,29439,542,PT17M31S,1051,24
21haGKR63rM,Patec,Maraton NA ANTARKTYDZIE,2025-10-11T13:00:07Z,506370,21245,330,PT17M10S,1030,24
5JrWEvt2XrE,Patec,NOWY ROZDZIAŁ W MOIM ŻYCIU,2025-09-27T16:32:31Z,1037113,41124,7393,PT50M32S,3032,24
ssP7MR_K61s,Patec,"WOJNA KUCHENNA Z ZOJĄ! (feat. Kuqe 2115, Oswald Rodrigo Pereira, xntentacion)",2025-09-20T13:01:43Z,511657,16740,243,PT20M2S,1202,24
68HbbOb6zyw,Patec,Maraton Na Każdym Kontynencie Świata,2025-09-13T13:00:19Z,687159,22495,474,PT38M37S,2317,24
jS2BvxK6M4g,Patec,NAJWYŻSZA GÓRA W AUSTRALII!,2025-09-06T13:01:22Z,613676,22183,294,PT27M58S,1678,24
CxREhAhHZP0,Patec,SIÓDMY SZCZYT KORONY ZIEMII,2025-08-30T13:00:24Z,811440,26088,529,PT28M56S,1736,24
g_-lGt50sl8,Patec,Spróbowałem Najtrudniejszego Biegu Na Świecie,2025-08-23T13:01:16Z,871052,27789,446,PT27M54S,1674,24
oLUlhozePpk,Patec,Góra TRUDNIEJSZA od MOUNT EVEREST? | Q&A feat. Oswald Rodrigo Pereira ,2025-08-16T13:01:33Z,343043,10964,195,PT42M59S,2579,24
SL2oHiKfbEA,Patec,BYLIŚMY ŚWIADKAMI TRAGEDII [Denali 2/2],2025-08-09T13:00:48Z,1351850,49159,738,PT1H13M26S,4406,24
0RkMhPXu_CQ,Patec,NAJZIMNIEJSZA GÓRA NA ŚWIECIE (zimniej niż na Mount Everest) [Denali 1/2],2025-08-02T13:00:03Z,1420405,44194,639,PT1H5M53S,3953,24
ts6KmGPr_mc,Patec,"ZWIEDZIŁEM PÓŁ ŚWIATA, ŻEBY TO NAGRAĆ",2025-07-19T13:01:42Z,902454,26959,409,PT1H6M30S,3990,24
-oQjM_Nk6r8,Patec,Spróbowałem NAJDZIWNIEJSZEGO SPORTU,2025-07-05T13:00:03Z,322546,12627,270,PT20M23S,1223,24
Lvrb3VCpY8E,Patec,TEJ GÓRY STRZEGĄ TUBYLCY! (KORONA ZIEMI 5/7),2025-06-28T13:00:46Z,1573953,39903,632,PT53M36S,3216,24
qaMhrLkpcPc,Patec,ZOSTAŁEM ARTYSTĄ!,2025-06-14T13:01:35Z,210181,6990,502,PT17M10S,1030,24
66NPeLnXS_I,Patec,WZIĄŁEM ICH NA STOPA... I TO BYŁ BŁĄD,2025-06-07T13:00:12Z,496023,15276,220,PT29M3S,1743,24
JX8erUO1feU,Patec,to był NAJGORSZY wyjazd mojego życia…,2025-05-31T13:00:30Z,712721,21612,272,PT38M9S,2289,24
n8_gOwhZ8Fo,Patec,WOJNA KUCHENNA NA ISLANDII! (feat. PIOTRULLO),2025-05-24T13:01:24Z,382959,13607,189,PT23M48S,1428,24
HrTUwjJW3fI,Patec,"Nie uwierzysz, że TEN SPORT ISTNEJE…",2025-05-17T13:00:34Z,162971,6508,125,PT15M3S,903,24
rNWzxN3JJ9I,Patec,TARAPATY na Szczycie Kilimanjaro 😥,2025-04-26T13:01:35Z,1115840,30327,610,PT52M54S,3174,24
Jfp-uulzyBA,Patec,Test Jedzenia na Kilimandżaro,2025-04-19T13:00:26Z,1097465,30322,473,PT52M11S,3131,24
ADJ9QTLxhXI,Patec,NIE SŁYSZAŁEŚ O TYM SPORCIE,2025-04-12T13:00:17Z,826395,32344,578,PT25M26S,1526,24
9rCbirBYp-M,Patec,Dostałem Lekcję Pokory...,2025-03-29T14:00:14Z,1032502,41035,628,PT34M36S,2076,24
fsE0BgQYb8Q,Patec,WYPRAWA O KTÓREJ NIE WIEDZIELIŚCIE…,2025-03-22T14:00:48Z,1471398,50979,597,PT51M16S,3076,24
BD1P42CofMU,Patec,24h jako FOTOGRAF DZIKIEJ PRZYRODY,2025-03-15T14:00:14Z,617715,21257,347,PT35M41S,2141,24
vAcCfkt7WVQ,Patec,NAJDROŻSZA WYPRAWA w Moim Życiu,2025-02-15T14:01:08Z,518217,22278,405,PT25M14S,1514,24
uAnlMYHyePs,Patec,Zdobyłem Najwyższy Szczyt Antarktydy,2025-02-08T14:00:59Z,1481708,52709,924,PT46M44S,2804,24
4-6YEeWRSnI,Patec,Jak Zdobyłem Biegun Południowy,2025-02-01T14:00:04Z,1433719,54060,1034,PT1H1M29S,3689,24
qG-Pc3b3Qys,Patec,Odwiedziłem Antarktydę!,2025-01-25T14:00:54Z,1722688,74117,1338,PT50M50S,3050,24
hFq8Huc-mvY,Patec,OSTATNI SPRAWDZIAN (7 dni do Antarktydy),2024-12-06T14:00:45Z,444107,18475,268,PT24M13S,1453,24
Ajh0WhDmdvQ,Patec,Ratujemy INDIANA JONESA! 🗺️ [3/24],2024-12-03T17:00:08Z,38109,1510,22,PT2M7S,127,24
G8MKcrjmSyw,Patec,OBIAD W CHILE ZA 20 ZŁ vs 1000 ZŁ! 🇨🇱 (TEST RESTAURACJI),2024-12-03T14:00:15Z,507064,20383,239,PT19M33S,1173,24
ZK_rz5sxEdA,Patec,"Wyruszyłem w 70 DNIOWĄ PODRÓŻ 🌍 (Chile, Antarktyda i...)",2024-11-30T14:00:26Z,588227,24298,386,PT24M33S,1473,24
R59Okiy74_g,Patec,12 dni do ANTARKTYDY (24h vlog) ❄️,2024-11-23T14:00:32Z,525936,23681,467,PT28M39S,1719,24
pHRXPgkI2CA,Patec,Zrobiłem mu EKSTREMALNĄ Niespodziankę!,2024-11-16T14:00:50Z,217635,8307,168,PT26M51S,1611,24
Vx0oCgiK36A,Patec,Ten kraj ZNIKNIE w ciągu 100 LAT…,2024-10-27T14:02:10Z,804280,19626,351,PT26M44S,1604,24
UpSNYVRdbFY,Patec,Pływam z REKINAMI... (bez klatki) 🦈,2024-10-23T13:00:43Z,727208,18651,260,PT26M43S,1603,24
STCVQEOOXiQ,Patec,Musiałem się WYCOFAĆ...,2024-10-19T13:00:34Z,595850,16908,271,PT26M16S,1576,24
9OOvLWEBRiw,Patec,Odwiedziłem Najbardziej Otyły Kraj na Świecie,2024-10-15T13:14:36Z,1596629,38135,593,PT31M2S,1862,24
89HtbSpRENc,Patec,Poszukiwania lwa na Dzikim Safari 🦁,2024-10-06T13:00:09Z,532833,16590,174,PT27M32S,1652,24
BAQYCU2oA7E,Patec,72H NA BEZLUDNEJ WYSPIE W ZAMBII,2024-10-02T13:00:15Z,1163822,26012,274,PT26M58S,1618,24
W2VWFw-szxQ,Patec,NAPADLI NAS Z MACZETĄ (straciłem 17 000 PLN),2024-09-28T13:00:29Z,908655,27687,417,PT29M42S,1782,24
uustpfHknIs,Patec,UCZĘ SIĘ SURFOWAĆ feat. łatwogang 🏄🌊,2024-09-24T13:01:04Z,699689,19026,307,PT32M37S,1957,24
HH8y-lmATl4,Patec,72H NA DZIKIEJ SAWANNIE 🐘🌿🌅,2024-09-20T13:25:54Z,1191588,24349,370,PT54M6S,3246,24
cc4Glh4IsLg,Patec,NAJWYŻSZY SZCZYT W NAMIBII (40 STOPNI 🥵),2024-09-17T13:00:41Z,1094834,25366,410,PT46M21S,2781,24
1BR7Gm8gJsM,Patec,ŁOWIMY REKINY W POŁUDNIOWEJ AFRYCE 🦈,2024-09-14T13:00:03Z,1396935,37125,595,PT55M14S,3314,24
-7z3buhvAOo,Patec,AFRYKAŃSKI FRYZJER XDDD | REPUBLIKA ŚRODKOWOAFRYKAŃSKA [4/4],2024-08-26T13:00:00Z,575900,27912,377,PT29M24S,1764,24
zbPBOUdoJOc,Patec,AFRYKAŃSKIE PRZYSMAKI: REPUBLIKA ŚRODKOWOAFRYKAŃSKA [3/4],2024-08-23T13:06:00Z,584443,29431,485,PT32M47S,1967,24
R9oQrrtQSgw,Patec,POTRZEBOWALI JEGO KRWI ŻEBY URATOWAĆ ŻYCIE: REPUBLIKA ŚRODKOWOAFRYKAŃSKA [2/4],2024-08-20T13:00:25Z,837956,47548,1049,PT42M58S,2578,24
qMzasexk89g,Patec,Tutaj WOJNA TRWA OD 30 LAT: REPUBLIKA ŚRODKOWOAFRYKAŃSKA [1/4],2024-08-17T13:03:02Z,1553432,63149,997,PT50M52S,3052,24
q5mz6NNvM7k,Patec,TRENING Z MISTRZEM ŚWIATA,2024-08-14T17:11:25Z,374779,18036,324,PT27M25S,1645,24
HhjhcoUbLmg,Patec,"WOJNA KUCHENNA Z AJ THE POLISH AMERICAN (feat. OJWOJTEK, KAROL ZDĘBA)",2024-07-19T17:00:12Z,777165,38265,321,PT21M6S,1266,24
n9Hp1vAdGhY,Patec,ILE KOSZTOWAŁ MOUNT EVEREST? - Q&A,2024-07-10T13:08:48Z,1271905,64024,1077,PT33M35S,2015,24
dQSJuY4di_Y,Patec,ATAK SZCZYTOWY - MOUNT EVEREST [ODCINEK 3/3],2024-06-30T13:00:38Z,3888243,186665,6487,PT1H15M,4500,24
6GHgpeP07q8,Patec,LODOWIEC - MOUNT EVEREST [ODCINEK 2/3],2024-06-22T14:05:06Z,2928471,123316,2154,PT1H2M46S,3766,24
vIPel70T3II,Patec,AKCJA RATUNKOWA - MOUNT EVEREST [ODCINEK 1],2024-06-15T13:01:00Z,4168878,186089,3660,PT1H18M50S,4730,24
KouVLhmOZbk,Patec,"WOJNA KUCHENNA Z ŁATWOGANG (feat. OJWOJTEK, TROMBA, MIXER, PAWBEATS)",2024-03-23T14:00:44Z,856764,37427,631,PT26M35S,1595,24
k2spT-Jbrcs,Patec,OSTATNI SPRAWDZIAN PRZED MOUNT EVEREST,2024-03-09T14:00:36Z,911365,36233,428,PT21M29S,1289,24
IP4vtFUZ6OU,Patec,OBÓZ TRENINGOWY W ALPACH (40 dni do MOUNT EVEREST),2024-03-02T14:00:13Z,571005,31609,245,PT13M25S,805,24
XYFKKHpRcaw,Patec,ODPOWIADAM NA WASZE PYTANIA 🙋‍♂️ - Q&A,2024-02-24T14:00:32Z,329770,16066,214,PT17M7S,1027,24
gLcMOfAqhKc,Patec,JAK WYGLĄDA TRENING NINJA? [NINJA WARRIOR],2024-02-17T14:00:25Z,446033,20166,180,PT23M12S,1392,24
kppEjO3Yi30,Patec,DOSZŁO TUTAJ DO TRAGEDII... (60 dni DO MOUNT EVEREST),2024-02-11T14:00:29Z,863246,34409,352,PT23M40S,1420,24
HEnk5oRFFQ4,Patec,Zostałem HOBBY HORSEREM,2024-02-03T14:00:12Z,394554,22243,1142,PT16M35S,995,24
utDXlcRXSMU,Patec,TRENING z ADAMEM BIELECKIM (70 DNI DO MOUNT EVEREST),2024-01-27T14:00:41Z,909830,36106,446,PT22M14S,1334,24
2y4wO9qRRJc,Patec,"JAK SPOTKALIŚMY ""NEYMARA""?",2024-01-19T14:25:12Z,941348,52486,506,PT23M28S,1408,24
IzBuiwjozDc,Patec,LATAMY nad RIO DE JANEIRO (feat. łatwogang),2024-01-17T14:00:13Z,695734,36199,403,PT16M54S,1014,24
dLGi9ruuMKY,Patec,FRYZJER w FAVELI za 4$,2024-01-15T14:01:07Z,729531,38440,411,PT14M57S,897,24
77pyxFWlFDg,Patec,"LOTKA DECYDUJE, GDZIE LECIMY! (feat. łatwogang)",2024-01-13T14:09:38Z,1049653,55495,378,PT14M27S,867,24
Ntukg8_pXZI,Patec,100 DNI do MOUNT EVEREST! (143 XD),2024-01-06T14:01:57Z,1379973,66310,1157,PT27M29S,1649,24
pvDFcxG6_ks,Patec,TO DOPIERO POCZĄTEK... - PODSUMOWANIE 2023,2023-12-31T14:00:28Z,258015,21470,707,PT20M53S,1253,24
F4zSQ3oDMr4,Patec,DROŻEJ NIŻ ZA GRANICĄ! - JARMARK W KRAKOWIE,2023-12-21T14:01:54Z,282136,11949,250,PT12M31S,751,24
mjFVqo4cIq8,Patec,Praga zawodzi :/ - CZECHY,2023-12-20T14:01:14Z,210372,10115,144,PT14M16S,856,24
jhpMGMBzkGA,Patec,PRZEGRAŁEM TEN CHALLENGE...,2023-12-19T14:00:28Z,232358,11515,234,PT14M29S,869,24
Ka9BgPqIO84,Patec,JARMARK ŚWIĄTECZNY w JASKINI!,2023-12-18T14:00:20Z,210951,11137,133,PT9M58S,598,24
QQGivDGn-H0,Patec,JEDZENIE NA JARMARKU W BELGII… 🫤,2023-12-17T14:00:15Z,309782,14624,265,PT17M54S,1074,24
s4nQeR0B948,Patec,NIE POPEŁNIAJ TEGO BŁĘDU...,2023-12-16T14:00:39Z,336350,17208,243,PT13M23S,803,24
WnVT1Czjqm0,Patec,"7 DNI, 7 PAŃSTW, 7 JARMARKÓW!",2023-12-15T14:00:21Z,454086,24935,440,PT17M39S,1059,24
rnHB-yDUJKA,Patec,Q&A - ŹLE SIĘ PRZYGOTOWAŁEM?,2023-12-13T15:05:09Z,361047,15524,249,PT33M58S,2038,24
3ezu_1GgrQo,Patec,NAJTRUDNIEJSZE WYZWANIE w MOIM ŻYCIU - AMA DABLAM,2023-12-08T14:00:06Z,2166623,115513,2676,PT32M21S,1941,24
GpZYS479Bck,Patec,TO BYŁO TRUDNIEJSZE NIŻ MYŚLELIŚMY...,2023-12-05T14:00:12Z,1409130,52076,738,PT41M8S,2468,24
h1d0PT2O3G8,Patec,MIELIŚMY PIJANEGO KIEROWCE,2023-12-02T14:00:34Z,783015,30252,363,PT32M10S,1930,24
PmvS7C5pb2Q,Patec,FATALNY POCZĄTEK HIMALAJSKICH PRZYGÓD,2023-11-29T14:00:27Z,874298,41731,601,PT31M38S,1898,24
75AVvd7stMU,Patec,SPEŁNIŁEM JEGO MARZENIE!,2023-11-25T14:00:06Z,222261,10281,125,PT15M51S,951,24
YiomGw_Wy7Y,Patec,NAJTAŃSZA vs NAJDROŻSZA RESTAURACJA w KOREI!,2023-11-18T15:33:27Z,1010174,26788,314,PT31M30S,1890,24
ss8g0WShKVc,Patec,NIE WIEDZIAŁ GDZIE LECI! (JEGO MARZENIE),2023-11-15T14:01:58Z,420910,19859,185,PT23M43S,1423,24
HXtjhhmNmUo,Patec,NAJLEPSZA RESTAURACJA na ŚWIECIE!,2023-10-28T13:00:14Z,837568,40147,401,PT30M23S,1823,24
109gqnLZ0aY,Patec,DERBY MEDELLIN (poszliśmy na obcą trybunę :(),2023-10-25T13:05:38Z,289709,12828,201,PT14M32S,872,24
BVAf6NCjep0,Patec,Śladami PABLO ESC0BARA,2023-10-22T13:00:14Z,1099514,35826,501,PT35M26S,2126,24
cEaUyG6EFBE,Patec,ODWIEDZIŁEM byłą STOLICĘ MORDEꓤSꓕW,2023-10-19T13:04:49Z,563055,19206,286,PT26M25S,1585,24
SKlqqeDB5lc,Patec,NAJNIEBEZPIECZNIEJSZE MIASTO w KOLUMBII,2023-10-16T13:00:18Z,582650,21020,317,PT21M6S,1266,24
hLac_eXB6F4,Patec,MINUSY TANIEGO PODRÓŻOWANIA,2023-10-13T13:00:37Z,719889,22459,405,PT34M7S,2047,24
Cy_EQcbFW7U,Patec,NIESPOTYKANE SMAKI PERUWIAŃSKIEJ KUCHNI,2023-10-10T13:00:09Z,341216,13046,190,PT25M33S,1533,24
y2xOdUjxe5Y,Patec,DOPADŁA MNIE CHOROBA WYSOKOŚCIOWA...,2023-10-07T13:00:48Z,371063,16207,211,PT20M12S,1212,24
jLzLo2v4wS0,Patec,NOC w NAJWYŻSZYM DOMKU NA DRZEWIE,2023-10-04T13:00:39Z,744226,22020,321,PT34M26S,2066,24
bfJku4kIdhY,Patec,NIE WYPŁACĘ SIĘ Z TEGO WYJAZDU,2023-10-01T13:00:27Z,563861,25203,281,PT23M18S,1398,24
dauIugW3FF0,Patec,72H w AMAZOŃSKIEJ DŻUNGLI,2023-09-28T13:00:24Z,444553,23379,328,PT32M45S,1965,24
rKJMoVFKSSA,Patec,ZŁAPAŁEM PIERWSZEGO KAJMANA!,2023-09-25T13:00:46Z,629319,24765,360,PT35M6S,2106,24
SO4LF5QGiUY,Patec,Weszliśmy do DŻUNGLI,2023-09-22T13:00:24Z,629027,32584,384,PT22M48S,1368,24
xAx9ddETI8Q,Patec,PIERWSZY DZIEŃ W AMAZONII,2023-09-19T13:00:52Z,1418090,42935,564,PT35M7S,2107,24
H9aT5cpJzzE,Patec,SPĘDZIŁEM 30 DNI w AMERYCE POŁUDNIOWEJ,2023-09-16T13:01:10Z,1109020,56758,732,PT35M3S,2103,24
mFB6GNGb1_8,Patec,Co po Ironmanie?? - Q&A,2023-09-02T13:00:35Z,333578,14988,204,PT22M54S,1374,24
2niThmdF9ds,Patec,ODPADŁEM z NAJWIĘKSZEJ ŚCIANY WSPINACZKOWEJ w POLSCE,2023-08-26T13:10:28Z,453694,21676,563,PT21M26S,1286,24
rnUjIdwdiKc,Patec,WIELKI FINAŁ - Ironman,2023-08-17T14:40:04Z,2977870,145024,3564,PT56M22S,3382,24
A8IH-XeFOQk,Patec,Trenuję jak ZAWODOWIEC przez 7 DNI,2023-08-05T13:03:44Z,487643,28608,450,PT31M36S,1896,24
JikXRKDGkIc,Patec,Wracam na miesiąc do SZKOŁY,2023-07-29T16:04:45Z,399499,25006,283,PT21M43S,1303,24
sGn16TkJ1AE,Patec,NAJTRUDNIEJSZY OKRES TRENINGÓW,2023-07-22T13:15:18Z,788243,38518,413,PT30M32S,1832,24
YaSowLsTbAo,Patec,INHALACJA KUPĄ SŁONIA,2023-07-16T13:03:01Z,603882,23716,216,PT29M13S,1753,24
fDxaGuQQhkY,Patec,SPALIŚMY OBOK KROKODYLA,2023-07-13T13:00:36Z,531163,31045,337,PT16M54S,1014,24
ZEdZt3yEQBs,Patec,BONUS - 80DDŚ (obiecany odcinek),2023-07-04T15:17:58Z,453851,22914,275,PT32M37S,1957,24
oy3B0ZPyhVE,Patec,100 dni do IRONMANA,2023-06-25T13:00:38Z,871833,45919,635,PT37M29S,2249,24
FRowC9xYsXs,Patec,Dzień z zawodowcami ENDURO (lekka gleba alert xd),2023-06-10T13:09:54Z,658980,31215,1364,PT25M56S,1556,24
pYIofxMFIhE,Patec,ILE KOSZTOWAŁA PODRÓŻ 80 DNI DOOKOŁA ŚWIATA?,2023-06-06T13:00:40Z,767168,40942,737,PT42M1S,2521,24
SONxqMfU3LU,Patec,POSTAWIŁEM IM WAKACJE,2023-05-28T13:00:26Z,426841,20934,296,PT32M48S,1968,24
3vu2Rue_jZc,Patec,NOC W ROSYJSKIEJ STACJI KOSMICZNEJ [FINAŁ 80ddś],2023-05-21T13:02:12Z,4316853,222863,5335,PT1H49M44S,6584,24
hTav1ZeY754,Patec,PRZEDOSTATNI ODCINEK - 80 DDŚ #39,2023-05-06T13:00:35Z,378276,21574,418,PT19M38S,1178,24
zcxv6dJ9wX4,Patec,BYŁO NIEBEZPIECZNIE - 80 DDŚ #38,2023-05-04T13:05:01Z,523930,20784,402,PT25M20S,1520,24
wnv9zvkoCgc,Patec,WÓDKA Z BANANÓW to ZŁY POMYSŁ - 80 DDŚ #37,2023-05-02T13:00:47Z,447531,18924,221,PT24M39S,1479,24
rmRBGqT155Q,Patec,SPEŁNIŁEM SWOJE MARZENIE! - 80 DDŚ #36,2023-04-30T13:00:36Z,463045,18852,269,PT27M31S,1651,24
YSVYvhgVquA,Patec,NAJWIĘKSZA RYBA JAKĄ ZŁOWIŁEM - 80DDŚ #35,2023-04-28T13:00:57Z,403891,19743,206,PT19M8S,1148,24
CUeo0UAmyis,Patec,ZALAŁO NAS... - 80DDŚ #34,2023-04-26T13:00:09Z,631805,25129,376,PT31M40S,1900,24
1sX4OKckhGw,Patec,SPOTKAŁEM PRZYJACIELA W AFRYCE - 80 DDŚ #33,2023-04-24T13:00:01Z,408907,23221,434,PT15M23S,923,24
iOKPKr094OY,Patec,RYTUAŁ KAMBO - 80 DDŚ #32,2023-04-22T14:46:03Z,567156,29004,728,PT25M44S,1544,24
ZQ4tVzkQLGo,Patec,ZOSTAŁEM BEZDOMNY W DUBAJU... - 80 DDŚ #31,2023-04-20T13:00:26Z,464620,24209,291,PT16M52S,1012,24
10Dagf19AFo,Patec,ZATRZYMALI MNIE NA LOTNISKU... - 80 DDŚ #30,2023-04-18T13:00:02Z,465085,25639,337,PT22M20S,1340,24
L6rTykO0Rwo,Patec,JEDYNE TAKIE MIEJSCE NA ZIEMI - 80 DDŚ #29,2023-04-16T13:00:11Z,467038,24216,329,PT21M45S,1305,24
0RLSWhnaC5k,Patec,NOWOZELANDZKI Ɔ́ԀꓵN SPRAWIA PROBLEMY - 80 DDŚ #28,2023-04-14T13:00:01Z,578734,28757,606,PT28M18S,1698,24
kMu6bdrKKjg,Patec,PIJOK WSZEDŁ MI DO SAMOCHODU - 80 DDŚ #27,2023-04-12T13:00:36Z,471396,28990,410,PT20M59S,1259,24
HadLgaYIi2A,Patec,MAŁPY NAS ZAATAKOWAŁY - 80 DDŚ #26,2023-04-10T13:00:10Z,482395,22282,1131,PT15M36S,936,24
NaDvxECwt5M,Patec,NASZA PLANETA UMIERA - 80 DDŚ #25,2023-04-08T13:00:29Z,507685,27522,485,PT28M54S,1734,24
62vdce3OHRM,Patec,ZWIEDZILIŚMY ZATOPIONY OKRĘT - 80 DDŚ #24,2023-04-06T13:00:06Z,420126,24269,262,PT20M50S,1250,24
G4y-JBNrD8Y,Patec,ZOSTAŁEM BALIJSKIM MAKŁOWICZEM - 80 DDŚ #23,2023-04-04T13:00:16Z,502677,28357,477,PT24M29S,1469,24
M6Zue3AuasE,Patec,NAJGORSZY DZIEŃ PODRÓŻY - 80 DDŚ #22,2023-04-02T13:00:23Z,488702,26663,340,PT17M50S,1070,24
xuazvfW_-gY,Patec,WIOSKA HⱯƧHꓵ - 80 DDŚ #21,2023-03-31T13:04:58Z,657322,31777,550,PT25M49S,1549,24
owEM0WqYQ30,Patec,ZAGINIONA WIOSKA SZACHÓW - 80 DDŚ #20,2023-03-29T13:00:37Z,354417,22178,308,PT15M43S,943,24
525bE49FGWA,Patec,ŻYCIE W SLUMSACH - 80 DDŚ #19,2023-03-27T13:00:03Z,607253,32560,389,PT18M16S,1096,24
C6qzFPAja_Y,Patec,HINDUSKIE WESELE - 80 DDŚ #18,2023-03-25T14:00:06Z,445364,25137,305,PT23M41S,1421,24
NcVVX3tuKwk,Patec,TEGO SIE NIE SPODZIEWAŁEM XD - 80 DDŚ #17,2023-03-23T14:15:52Z,459825,25397,420,PT23M39S,1419,24
rIIMR0QSEyA,Patec,MUSIAŁEM WYGŁOSIĆ PRZEMÓWIENIE - 80 DDŚ #16,2023-03-21T14:00:24Z,512289,29151,640,PT25M17S,1517,24
x0GPxFdg3Ug,Patec,FRYZJER ZA 10 ZŁ w INDIACH - 80 DDŚ #15,2023-03-19T14:00:29Z,541895,26376,281,PT16M52S,1012,24
y1z2UYZGzzw,Patec,POSZUKIWANIA TYGRYSA BENGALSKIEGO W INDIACH - 80 DDŚ #14,2023-03-17T14:00:29Z,585258,31185,323,PT22M35S,1355,24
UHx11kFaLOE,Patec,POTYCZKA INDYJSKA xD... - 80 DDŚ #13,2023-03-15T14:00:17Z,690423,35444,600,PT29M15S,1755,24
kCNbdWDZ4Bk,Patec,ZOSTAŁEM OSZUKANY- 80 DDŚ #12,2023-03-13T14:16:47Z,747314,38426,555,PT26M24S,1584,24
h-Z4slR6OJM,Patec,TEST INDYJSKIEGO MCDONALDA - 80 DDŚ #11,2023-03-11T14:00:21Z,1094396,50667,647,PT23M57S,1437,24
DIHo4KqwVVs,Patec,ⱯꓘZꓛⱯꓤS = KONIEC ODCINKA - 80 DDŚ #10,2023-03-09T14:00:07Z,680549,45642,484,PT24M53S,1493,24
ZDNBr6b6ZdA,Patec,NIESPODZIANKA - 80DDŚ #9,2023-03-07T14:00:17Z,590840,39970,524,PT23M14S,1394,24
1kuOYPWlhic,Patec,Zdobyłem NAJWYŻSZY SZCZYT OMANU! - 80 DDŚ #8,2023-03-05T14:00:02Z,571830,40386,422,PT14M58S,898,24
CKNMO2jWon8,Patec,ZMIOTŁO MNIE Z PLANSZY - 80DDŚ #7,2023-03-03T14:00:12Z,842218,52632,745,PT20M50S,1250,24
WhZwDedn6gM,Patec,W TYM KRAJU TO NIELEGALNE - 80DDŚ #6,2023-03-01T14:00:17Z,730841,51174,553,PT21M12S,1272,24
hfcurSYcX2Q,Patec,PRZENOCOWAŁA MNIE ZA DARMO - 80DDŚ #5,2023-02-27T14:10:10Z,630391,43292,529,PT26M21S,1581,24
G7-U7JgRFAM,Patec,UGOŚCIŁ NAS MILIONER! - 80DDŚ #4,2023-02-25T14:00:20Z,938542,54475,579,PT28M17S,1697,24
ZMWzV62ra1s,Patec,MUSIAŁEM ZAWRÓCIĆ - 80DDŚ #3,2023-02-23T14:00:22Z,1214659,62087,830,PT23M52S,1432,24
S4Dnmgp0qG4,Patec,PODZIEMNE MIASTO W IZRAELU - 80DDŚ #2,2023-02-21T14:00:13Z,1249384,76570,1179,PT28M5S,1685,24
AzboLlM7s8I,Patec,W 80 DNI DOOKOŁA ŚWIATA! - 80DDŚ #1,2023-02-19T14:00:05Z,1124582,80916,781,PT12M31S,751,24
_-RH_82RO7Q,Patec,JUŻ NIGDY NIE POBRUDZISZ PUPCI,2023-02-05T13:58:28Z,423050,25595,403,PT13M28S,808,24
PU_pKhh1IPU,Patec,Nauczyłem się TATUOWAĆ w 7 DNI,2023-01-21T14:00:24Z,449316,26212,271,PT19M55S,1195,24
7QjzI86am44,Patec,NIE ROZWIĄŻESZ TEGO,2023-01-15T14:01:00Z,457319,23473,2834,PT2M5S,125,24
uR43-U_FuFE,Patec,CHCIAŁEM SIĘ PODDAĆ (MARATON),2023-01-01T15:07:33Z,1433090,92446,2325,PT40M48S,2448,24
hYvRy5M1hDE,Patec,UDEKOROWAŁEM MÓJ DOMEK NA DRZEWIE (VLOGMAS),2022-12-25T13:18:09Z,305713,21359,269,PT11M4S,664,24
UizOp677Ric,Patec,NAJNIEBEZPIECZNIEJSZY POCIĄG ŚWIATA (17h przez Sahare),2022-12-17T15:02:26Z,3054852,120168,1739,PT33M42S,2022,24
XbHFw9lEY-4,Patec,NOC NA SAHARZE,2022-12-11T14:07:48Z,470426,30047,236,PT20M15S,1215,24
d2hbGZVWa4I,Patec,ZAPROSIŁ MNIE DO PAŁACU,2022-12-06T16:07:00Z,708334,41551,537,PT21M27S,1287,24
znLs_gflWFk,Patec,INSTAGRAM DECYDUJE O NASZEJ PODRÓŻY,2022-11-23T14:02:55Z,355368,20359,284,PT19M49S,1189,24
Z0KRjHQ4WnI,Patec,ZAGRAŁEM NA MISTRZOSTWACH ŚWIATA,2022-11-15T14:16:01Z,336935,18909,212,PT23M15S,1395,24
aZhk5c_mV1A,Patec,MÓJ NOWY DOM ft „5 Sposobów na”,2022-11-08T14:03:17Z,1041672,62537,893,PT20M56S,1256,24
zDg7Nadcv_4,Patec,CAŁY DZIEŃ WIDZE TO CO DRON,2022-10-22T12:58:54Z,276421,17641,322,PT14M22S,862,24
89C2CiW88BE,Patec,MÓJ NAJBARDZIEJ PECHOWY WYJAZD W ŻYCIU,2022-10-16T16:37:48Z,424414,23595,295,PT20M9S,1209,24
WQ9ok487ftQ,Patec,WOJNA GRZYBOWA,2022-10-09T13:01:04Z,400221,25467,519,PT15M23S,923,24
KTn1uasRFLs,Patec,WYMYŚLILIŚMY NOWY SPORT EKSTREMALNY,2022-09-26T13:00:52Z,261963,18111,319,PT12M52S,772,24
mluE2SN3pqY,Patec,ZDOBYLIŚMY NAJWYŻSZY SZCZYT POLSKI!,2022-09-21T14:05:41Z,796348,35908,559,PT13M50S,830,24
CB6_e7DI3XQ,Patec,SPĘDZIŁEM NOC W WIĘZIENIU,2022-09-10T13:12:09Z,660400,42138,617,PT14M34S,874,24
3iLv0_B81lg,Patec,ZOSTAŁEM ŁOWCĄ BURZ,2022-09-03T12:03:39Z,664713,33829,502,PT16M36S,996,24
vLmWT0KBhPE,Patec,ZROBILIŚMY GRILLA NA WULKANIE,2022-08-25T13:08:46Z,487636,33078,533,PT18M9S,1089,24
RNnYUT2QlOY,Patec,TO MUSIAŁO BOLEĆ,2022-08-17T13:09:06Z,460725,24870,334,PT14M36S,876,24
Rk67nMpJZhQ,Patec,NAJTAŃSZY VS NAJDROŻSZY HOTEL W WIETNAMIE!,2022-08-09T13:00:28Z,477924,23293,312,PT25M31S,1531,24
bRiVfpc18Qc,Patec,BYŁO NAPRAWDĘ CIASNO,2022-08-03T13:12:39Z,640762,33540,713,PT36M24S,2184,24
a8aA3x1a4tQ,Patec,ZŁAPAŁA MNIE POLICJA W KAMBODŻY,2022-07-23T13:05:36Z,360649,19497,341,PT20M59S,1259,24
UoaPsy8PpxE,Patec,NOC W HOTELU KAPSUŁOWYM,2022-07-19T13:59:01Z,574396,36256,420,PT17M34S,1054,24
6D9xy3QrtZg,Patec,NAGRAŁA ZE MNĄ FILM!!!,2022-07-16T14:28:55Z,499214,28982,508,PT22M59S,1379,24
4PO7hSl93js,Patec,TRENING BRUTALNEGO MUAY THAI,2022-07-12T13:01:31Z,264278,18630,310,PT14M56S,896,24
bHMfIIeZe-Y,Patec,AZJATYCKA LEKCJA GOTOWANIA,2022-07-09T14:55:55Z,277681,15641,245,PT14M10S,850,24
pUMA-yUyTzE,Patec,NAJNIEBEZPIECZNIEJSZY RYNEK NA ŚWIECIE,2022-07-06T15:24:03Z,723925,24807,286,PT34M10S,2050,24
Dre_4qRZ6TY,Patec,NIE WYKONAŁEM TEGO ZADANIA,2022-07-02T13:18:59Z,418728,22463,333,PT22M58S,1378,24
7PHki-zuWjE,Patec,"SZUKALIŚMY TEGO ""SKARBU"" 4 DNI",2022-06-25T13:48:20Z,417279,25414,537,PT21M38S,1298,24
cnYoq_Zb5MQ,Patec,WOJNA KUCHENNA Z MAGDĄ GESSLER,2022-06-18T13:02:19Z,2067989,107341,1041,PT20M,1200,24
BfOBdRLQrGQ,Patec,Z KRAKOWA DO WARSZAWY NA ROWERZE(FAIL XD),2022-06-11T13:13:54Z,786105,44502,732,PT23M10S,1390,24
j40AEctyOtw,Patec,STRACIŁEM 7000 zł W TEJ JASKINI,2022-06-04T12:59:12Z,384779,26496,302,PT12M14S,734,24
YOZM-uuex9Q,Patec,DZIEŃ W NAJDŁUŻSZYCH PODZIEMNYCH BUNKRACH NA SWIECIE!,2022-05-29T13:00:41Z,487182,21402,335,PT32M1S,1921,24
Np4HhKH1fTE,Patec,ARCYMISTRZOWIE MIELI ZE MNĄ PROBLEM!,2022-05-25T13:00:15Z,861910,39060,455,PT22M49S,1369,24
MKIn419wS7g,Patec,PRAWIE SIĘ PODDALIŚMY!,2022-05-16T13:05:48Z,687440,36426,312,PT23M56S,1436,24
5qQ_FnTkEQ4,Patec,ZROBIŁEM KURS NURKOWANIA,2022-05-08T14:28:41Z,246398,16315,200,PT11M49S,709,24
1lrWwqyFQNo,Patec,DZIEŃ NA OPUSZCZONEJ WYSPIE,2022-04-30T13:06:27Z,560226,34310,338,PT12M16S,736,24
S9ZYvUTObIc,Patec,WODNA TAKSÓWKA W CHORWACJI!,2022-04-23T13:16:03Z,298061,19130,222,PT15M14S,914,24
GIk2jULgV2s,Patec,NOC W OPUSZCZONYM DWORZE!,2022-04-16T14:17:47Z,284229,20396,257,PT16M31S,991,24
wHSYcBi3p5U,Patec,WSPINANIE W SKAŁACH!,2022-04-13T13:11:03Z,360202,23959,467,PT13M46S,826,24
9dr7iafbho4,Patec,Dziękuje,2022-03-30T13:22:44Z,880556,87464,1506,PT29M57S,1797,24
LNjS8CE5hCg,Patec,POJEDYNEK KUCHENNY Z DŻODŻEM,2022-03-23T15:01:43Z,876467,47320,763,PT18M31S,1111,24
8nRGstjMCKA,Patec,ZDALIŚMY EGZAMIN SPADOCHRONOWY!,2022-03-17T14:00:16Z,412478,27696,271,PT12M13S,733,24
JBHV1nkMY9g,Patec,DZIEŃ Z JEDNOSTKĄ ANTYKŁUSOWNICZĄ,2022-02-28T18:41:22Z,544344,32832,398,PT20M29S,1229,24
wkuq01kaLJs,Patec,EKSTREMALNE ATRAKCJE ZIMBABWE,2022-02-28T17:30:12Z,364500,24614,250,PT11M17S,677,24
DFc4-R79ki4,Patec,FRYZJER W BOTSWANIE :C,2022-02-27T17:55:32Z,552659,36509,392,PT9M3S,543,24
Z3rDQfElvlA,Patec,INTRUZI W OBOZIE,2022-02-27T12:12:42Z,409107,29774,353,PT15M48S,948,24
e9D8WJ6OpNM,Patec,WOJNA KUCHENNA Z FRIZEM,2022-02-26T15:41:21Z,850917,45168,388,PT17M30S,1050,24
jST73_FNLLE,Patec,ŁOWILIŚMY RYBY AFRYKAŃSKIM SPOSOBEM!,2022-02-25T16:00:04Z,684362,36199,345,PT21M19S,1279,24
GKntdV9bEew,Patec,24h w OBOZIE SZKOLENIOWYM,2022-02-22T14:18:15Z,726404,51515,600,PT24M37S,1477,24
xy0OrAqKo6E,Patec,ODWIEDZILIŚMY LOKALNĄ WIOSKĘ,2022-02-16T14:00:41Z,623999,48936,494,PT8M54S,534,24
dFIxIzJdmbQ,Patec,POLECIELIŚMY DO DZIKIEJ BOTSWANY!,2022-02-13T14:30:43Z,798263,76133,707,PT14M49S,889,24
teED552S50A,Patec,POSZUKIWANIA W TAJEMNICZYM LESIE,2022-02-05T13:02:53Z,394238,28124,590,PT13M36S,816,24
CMwtWr5K4IA,Patec,TAK WYSOKO JESZCZE NIE BYŁEM,2022-01-29T14:00:10Z,895744,50364,1051,PT25M6S,1506,24
3QT_Wo0G4fM,Patec,LEKARZ DLA DZIKICH ZWIERZĄT,2022-01-22T14:00:01Z,612051,51742,1592,PT22M48S,1368,24
RY9bAAoTipM,Patec,HOUSTON MAMY PROBLEM!,2022-01-15T14:21:07Z,400872,24574,250,PT11M3S,663,24
wfXA9wN8Sj0,Patec,PŁYWALIŚMY W LODOWATEJ WODZIE,2022-01-08T14:32:04Z,553570,38435,659,PT16M36S,996,24
duOKUGmiM1k,Patec,"MISTRZOSTWA ŚWIATA W SZACHACH ft. Carlsen, Hikaru",2022-01-01T14:00:44Z,321589,18615,262,PT15M46S,946,24
T92HDUse1TM,Patec,NOC 30 METRÓW NAD ZIEMIĄ,2021-12-18T14:31:01Z,618701,40737,636,PT16M52S,1012,24
KumljIILOZY,Patec,KUCHENNA WOJNA Z NOWCIAXEM,2021-12-15T14:05:42Z,759333,39327,445,PT13M44S,824,24
FxAxIPAT3s0,Patec,A TO PECH,2021-12-09T13:55:57Z,362619,23177,275,PT9M23S,563,24
H4WpON-eYzY,Patec,OGROMNY STATEK KOSMICZNY,2021-12-03T14:00:17Z,283365,19879,281,PT10M40S,640,24
XzS3Hctfvrk,Patec,ZAGRALIŚMY Z JANKOSEM!!!,2021-12-01T14:00:11Z,286572,19902,255,PT8M53S,533,24
6Jmo8W6_g44,Patec,TO BYŁ NAJLEPSZY EVENT NA JAKIM BYŁEM,2021-11-29T13:57:14Z,469930,30913,411,PT18M8S,1088,24
vE2DNvFIFD0,Patec,POLECIELIŚMY DO STANÓW!,2021-11-27T14:00:32Z,450981,35040,431,PT8M28S,508,24
F3hr0Q1ka_g,Patec,AMSTERDAM 💨,2021-11-24T15:19:45Z,368607,30241,532,PT4M20S,260,24
IVml7TscOQo,Patec,24H w NOWYM DOMKU NA DRZEWIE,2021-11-20T13:59:15Z,976157,71772,986,PT12M48S,768,24
ICof_ojILKA,Patec,ZBUDOWAŁEM DOMEK NA DRZEWIE,2021-11-13T14:02:27Z,1171373,98166,3225,PT32M52S,1972,24
HdoJsWy_oHE,Patec,24h w BARCELONIE,2021-11-06T14:02:07Z,377539,22245,418,PT18M16S,1096,24
x7Jr5E29zCU,Patec,EKSTREMALNE WAKACJE,2021-10-31T13:36:50Z,496798,36532,463,PT15M58S,958,24
9z2wh7OkUc4,Patec,75 km PIESZO w 24H *GONE WRONGXD*,2021-10-25T11:04:01Z,883123,60734,1337,PT23M49S,1429,24
n4a8z8OFiMU,Patec,ZGUBILIŚMY SIĘ W JASKINI,2021-10-16T13:00:30Z,1926610,87749,1619,PT37M18S,2238,24
D_8ASu_2Rps,Patec,STWORZYŁEM SWÓJ MIECZ,2021-10-13T14:00:10Z,629723,40775,843,PT23M31S,1411,24
hWUB27wpG74,Patec,NIE PATRZ W DÓŁ!,2021-10-03T14:32:57Z,520692,33888,709,PT11M55S,715,24
EiNTj8nTjbI,Patec,TRENING LATANIA Z MISTRZYNIĄ ŚWIATA,2021-09-25T13:00:06Z,406131,25828,301,PT11M21S,681,24
QvzksFogcxg,Patec,JEDLIŚMY TO CO ZNALEŹLIŚMY W LESIE,2021-09-18T13:00:12Z,532148,36312,1008,PT18M51S,1131,24
FPQxk-qc_to,Patec,24H bez pieniędzy,2021-09-12T14:00:06Z,893925,60061,1241,PT23M9S,1389,24
GhkSBPxp1xE,Patec,NAUCZYŁEM SIĘ PISAĆ DRUGĄ RĘKĄ!,2021-09-05T13:00:38Z,568462,47772,872,PT11M21S,681,24
pWAuP-idIf4,Patec,PRZECENIŁEM SWOJE MOŻLIWOŚCI...,2021-08-28T13:00:16Z,1125043,70407,1538,PT20M10S,1210,24
i2PwTRuIIdw,Patec,SPOTKALIŚMY SZALONYCH NORWEGÓW!,2021-08-26T13:30:06Z,558053,38492,582,PT11M19S,679,24
QL1A8rihQW4,Patec,TO BYŁY NAJGORSZE MOMENTY W MOIM ŻYCIU,2021-08-14T13:02:28Z,4425408,173911,7140,PT24M53S,1493,24
WNVm1fcIwu0,Patec,OTRZYMAŁEM TO NA KONIEC WYPRAWY…,2021-08-07T13:00:46Z,317810,26860,503,PT9M40S,580,24
bcp3I6YZRfA,Patec,SKOCZYŁEM SAMEMU ZE SPADOCHRONEM!,2021-07-31T14:02:28Z,916084,67600,1282,PT14M5S,845,24
Pr5LPkp7SLE,Patec,24h W BUSZU,2021-07-29T13:00:21Z,576584,41476,790,PT11M17S,677,24
-jUFDL9pVqc,Patec,ODWIEDZIŁEM ŁOWCĘ KŁUSOWNIKÓW,2021-07-27T14:00:00Z,473732,38347,721,PT13M29S,809,24
xWPMk_m4r6s,Patec,WYPRAWA W GÓRY SMOCZE,2021-07-25T13:00:31Z,397071,31398,533,PT11M39S,699,24
S8P5B5Uq6bs,Patec,POKECENTER DLA ZWIERZĄT!,2021-07-23T13:00:35Z,389260,32353,687,PT14M43S,883,24
HVwdcuG6YM4,Patec,ZAWODY W PLUCIU KUPĄ NA ODLEGŁOŚĆ,2021-07-21T13:00:05Z,556513,46114,1201,PT13M25S,805,24
3V0IrLSDPYY,Patec,ZOBACZYŁEM POLOWANIE DZIKICH ZWIERZĄT,2021-07-19T13:07:35Z,717462,52789,1551,PT19M14S,1154,24
3ZEwFuvNsF0,Patec,24h W NAJNIEBEZPIECZNIEJSZYM MIEŚCIE W AFRYCE,2021-07-17T14:36:39Z,1090719,66784,1397,PT22M3S,1323,24
r7wb4IX-AV8,Patec,NAJLEPSZY VS NAJGORSZY HOTEL W STOLICY RPA,2021-07-14T12:59:17Z,680743,53501,971,PT16M42S,1002,24
Og_s5XZfACQ,Patec,ZJADŁEM LODY Z PINGWINAMI!,2021-07-10T13:00:19Z,803756,54061,1145,PT21M50S,1310,24
Ugs_ws-KuNw,Patec,17 LAT CZEKAŁEM NA TEN MOMENT,2021-07-03T13:00:27Z,931648,77107,1054,PT18M15S,1095,24
9fA2Sd1uJZw,Patec,MIAŁEM TYLKO GODZINĘ ABY WYDOSTAĆ SIĘ Z BUNKRA...,2021-06-26T13:00:03Z,1061850,57501,1425,PT31M52S,1912,24
ELM22wNca-M,Patec,24h W OPUSZCZONYM KOMPLEKSIE WOJSKOWYM,2021-06-19T14:40:36Z,364270,29270,663,PT28M54S,1734,24
WO4dL0mRYzw,Patec,TEGO NAUCZYLI MNIE MISTRZOWIE POLSKI,2021-06-12T12:58:31Z,781072,39005,776,PT22M7S,1327,24
tBB-knorxuY,Patec,EKIPOWY MECZ PIŁKARSKI ft. Sławomir Peszko,2021-06-04T14:08:12Z,2537417,95264,1943,PT19M10S,1150,24
8wnQ2eslpmE,Patec,KUCHENNA WOJNA Z MINI MAJKIEM O $$$,2021-05-29T13:00:03Z,1531822,69360,1124,PT15M35S,935,24
J6yEN8keTPY,Patec,NAUCZYŁEM GO SWOICH TALENTÓW,2021-05-22T13:00:07Z,446832,30466,484,PT19M42S,1182,24
oZgg4abnG-E,Patec,ZOSTAŁEM ZATRZYMANY PRZEZ ŻOŁNIERZA,2021-05-15T13:00:18Z,527540,36457,461,PT16M34S,994,24
WdIHNoHK-SU,Patec,24H SAMEMU NA KARAIBACH! cz.1/2,2021-05-08T13:05:39Z,1108897,65837,1259,PT20M43S,1243,24
9ewHhn_E2O8,Patec,KUCHENNA WOJNA Z MARCYSIĄ,2021-05-01T13:00:08Z,1774977,85429,1443,PT15M3S,903,24
LSBIHExU3V0,Patec,GRILL W KANAŁACH KIJOWA!,2021-04-24T13:00:06Z,840353,47804,1231,PT22M27S,1347,24
NJbOQHiAeb4,Patec,ODWIEDZIŁEM MAŁPI RAJ!,2021-04-17T14:05:41Z,1182429,71686,1858,PT21M41S,1301,24
NbfWOEK_PNQ,Patec,NIESAMOWITY TYDZIEŃ Z ŻYCIA JAKUBA PATECKIEGO,2021-04-10T13:00:17Z,776267,58751,1238,PT24M40S,1480,24
Y2JVA6U1J5g,Patec,TEN PRZYCISK MÓGŁ ZNISZCZYĆ ŚWIAT,2021-04-08T13:00:10Z,583884,39384,1241,PT22M35S,1355,24
T210X_RMc_E,Patec,MOJA NAJNIEBEZPIECZNIEJSZA WYPRAWA,2021-04-02T13:00:26Z,1165387,73030,1911,PT29M45S,1785,24
2jYwoLPolv0,Patec,ZWIEDZIŁEM OPUSZCZONE MIASTO NA UKRAINIE!,2021-03-27T15:00:00Z,798436,68063,1946,PT17M34S,1054,24
ta9vp7pIqHI,Patec,KUCHENNA WOJNA Z MURCIX,2021-03-13T13:59:47Z,1872396,92033,2052,PT15M15S,915,24
sTzVsy17mgU,Patec,ZAWSZE CHCIAŁEM TO ZROBIĆ... (FINAŁ ODC. 2),2021-03-09T12:00:17Z,2269306,156438,3903,PT13M15S,795,24
h8eT0fy3ay4,Patec,FRYZJER W AFRYCE ZA 2$ (cz.2/2),2021-03-06T14:00:25Z,1333001,69874,1262,PT22M45S,1365,24
pWPyC-cwbDQ,Patec,PRÓBOWAŁEM SPĘDZIĆ 24H SAMEMU  W AFRYCE część 1/2,2021-02-27T15:04:54Z,1262146,80364,1926,PT25M40S,1540,24
H0WnphWliiM,Patec,TEST POPULARNYCH BATONÓW,2021-02-06T14:00:11Z,769114,50054,2260,PT16M17S,977,24
RjZ_C9IsMJE,Patec,KUCHENNA WOJNA Z WERSOW,2021-01-30T14:00:08Z,1692059,95309,1829,PT12M23S,743,24
_rP6buivtFc,Patec,JAKIEGO EKIPOWICZA PRZEDSTAWIAM?,2021-01-23T14:17:08Z,1236154,78049,682,PT10M44S,644,24
AUW5begy5gY,Patec,SPRAWDZAMY KTO JEST NAJSILNIEJSZY Z EKIPY,2021-01-16T14:00:57Z,1382763,82746,1698,PT15M1S,901,24
yrKYdpEgESY,Patec,NOC W CHOINCE,2021-01-09T14:02:51Z,1198225,120260,3935,PT24M4S,1444,24
FM8x8ES1-H0,Patec,OTO NOWA CZĘŚĆ DOMU EKIPY!,2021-01-03T14:18:05Z,2062709,149161,3539,PT18M45S,1125,24
kw_eH84qp2s,Patec,NAJPIĘKNIEJSZY prezent jaki dałem EKIPOWICZOWI,2020-12-22T16:36:38Z,439520,34986,758,PT17M51S,1071,24
smy_txqvydQ,Patec,VLOGMAS: Świąteczny poradnik PATECA,2020-12-20T17:13:13Z,356873,33298,590,PT14M24S,864,24
EvyqhdDmNQ4,Patec,KUCHENNA WOJNA Z NOWCIAXEM,2020-12-13T14:00:04Z,1477390,74911,1112,PT15M17S,917,24
FRVdQaJgq9k,Patec,Największy IMPOSTOR w EKIPIE?,2020-12-05T15:35:21Z,1625656,101101,1125,PT13M47S,827,24
sTKvKvpsI2A,Patec,Sprawdzamy z EKIPĄ KefirX,2020-11-21T16:12:42Z,532532,37043,839,PT14M22S,862,24
U7A9Ia-_bZE,Patec,SEKRETY Z DZIECIŃSTWA O KTÓRYCH NIE WIEDZIELIŚCIE,2020-11-10T14:02:21Z,905965,65656,1409,PT23M3S,1383,24
DESQ-SU5RdU,Patec,JAK ZAPAMIĘTAĆ WSZYSTKO *challenge xd*,2020-10-24T14:00:59Z,410082,35628,742,PT21M54S,1314,24
S1HIAWNsYR8,Patec,szybciuteńka nauka TAILWHIPA na hulajnodze,2020-10-10T13:16:53Z,1115518,60642,2514,PT9M7S,547,24
GvIzM6XGllk,Patec,„DZIARA” na całą nogę!,2020-08-26T13:01:19Z,599680,54266,1003,PT11M30S,690,24
qKFOFlS3uqg,Patec,NAUKA FRONTFLIPA,2020-08-22T13:01:15Z,979801,78218,1258,PT11M22S,682,24
43FhlPm5B0Y,Patec,UKŁADAM KOSTKĘ PONIŻEJ 1 MINUTY,2020-08-16T10:00:22Z,593487,53451,1210,PT14M57S,897,24
3rCWj3SseOI,Patec,KASIULA UCZY MNIE JAZDY KONNO,2020-07-24T13:00:31Z,1590146,109427,4490,PT18M33S,1113,24
2Wd0j8SAUPo,Patec,EKSPRESOWA NAUKA BACKFLIPA,2020-07-10T13:05:37Z,1571582,150732,3585,PT17M19S,1039,24
VyXPZjG2nFc,Patec,OD 0 DO SKATERA W 12 DNI!,2020-06-28T11:00:15Z,2118773,138423,3516,PT25M28S,1528,24
